contactId,cohort
570001,A
570002,A
570003,A
570004,A
570005,A
570006,A
570007,A
570008,A
570009,A
570010,A
570011,A
570012,A
570015,A
570016,A
570020,A
570021,A
570025,A
570029,A
570030,A
570036,A
570037,A
570038,A
570039,A
570040,A
570041,A
570042,A
570044,A
570046,A
570047,A
570049,A
570051,A
570052,A
570053,A
570056,A
570060,A
570061,A
570062,A
570063,A
570067,A
570068,A
570069,A
570070,A
570072,A
570074,A
570080,A
570081,A
570082,A
570083,A
570085,A
570086,A
570087,A
570088,A
570090,A
570091,A
570092,A
570093,A
570094,A
570095,A
570096,A
570097,A
570098,A
570099,A
570100,A
570101,A
570102,A
570103,A
570104,A
570105,A
630002,A
630005,A
630006,A
630007,A
630008,A
630009,A
630010,A
630011,A
630013,A
630014,A
630016,A
630017,A
630018,A
630019,A
630020,A
630021,A
630022,A
630023,A
630025,A
630026,A
630027,A
630028,A
630030,A
630032,A
630033,A
630034,A
630040,A
630041,A
630042,A
630046,A
630047,A
630048,A
630050,A
630054,A
630055,A
630056,A
630059,A
630060,A
630061,A
630062,A
630063,A
630064,A
630069,A
630078,A
630079,A
630080,A
630081,A
630083,A
630084,A
630085,A
630087,A
630088,A
630089,A
630090,A
630091,A
630092,A
630095,A
630096,A
630097,A
630098,A
630101,A
630103,A
630104,A
630106,A
630107,A
630108,A
630109,A
630110,A
630114,A
630115,A
630116,A
630117,A
630118,A
630120,A
630121,A
630122,A
630125,A
630127,A
630130,A
630131,A
630134,A
630136,A
630141,A
630142,A
630145,A
630146,A
630147,A
630148,A
630149,A
630151,A
660001,A
660002,A
660004,A
660006,A
660008,A
660009,A
660011,A
660013,A
660018,A
660022,A
660023,A
660025,A
660026,A
660027,A
660028,A
660029,A
660032,A
660033,A
660035,A
660047,A
660052,A
660053,A
660054,A
660055,A
660058,A
750002,A
750008,A
750010,A
750012,A
750017,A
750021,A
750029,A
750030,A
750032,A
750040,A
750044,A
750045,A
750049,A
750057,A
750058,A
750059,A
750061,A
750062,A
750063,A
750064,A
780103,A
810056,A
870060,A
870061,A
870062,A
870319,A
870320,A
870559,A
870560,A
870565,A
870566,A
870567,A
871067,A
871427,A
871496,A
872289,A
872296,A
872309,A
872366,A
872815,A
872835,A
872997,A
873154,A
873187,A
873190,A
873191,A
873192,A
873208,A
873209,A
873229,A
873243,A
873244,A
873245,A
873253,A
873259,A
873264,A
873270,A
873273,A
873274,A
873275,A
873278,A
873280,A
873281,A
873282,A
873283,A
873284,A
873289,A
873293,A
873332,A
873333,A
873334,A
873335,A
873338,A
873339,A
873340,A
873341,A
873343,A
873346,A
873348,A
873352,A
873355,A
873374,A
873375,A
873382,A
873390,A
873394,A
873398,A
873402,A
873403,A
873589,A
873690,A
873701,A
873709,A
874098,A
874165,A
874184,A
874187,A
874192,A
874546,A
874567,A
874568,A
874571,A
874573,A
874574,A
874575,A
874578,A
874581,A
874582,A
874583,A
874584,A
874585,A
874586,A
874616,A
874748,A
874912,A
874914,A
874939,A
875095,A
875444,A
875460,A
875463,A
875467,A
875473,A
875787,A
876145,A
876146,A
876147,A
876149,A
876283,A
876284,A
876449,A
876629,A
876846,A
876965,A
877285,A
877342,A
877344,A
877416,A
877420,A
877583,A
877672,A
877733,A
877826,A
878294,A
878606,A
878733,A
878849,A
878853,A
878926,A
879483,A
879761,A
879772,A
879812,A
880096,A
880274,A
880276,A
880279,A
880280,A
880317,A
880585,A
880588,A
880629,A
880677,A
880767,A
881016,A
881127,A
881230,A
881232,A
881236,A
881237,A
881238,A
881239,A
881732,A
882180,A
882209,A
882214,A
882488,A
882501,A
882532,A
882838,A
882913,A
882986,A
883286,A
883302,A
883304,A
883421,A
883454,A
883743,A
883744,A
883745,A
883781,A
883784,A
883791,A
883793,A
883797,A
883864,A
883985,A
883997,A
884522,A
884570,A
884572,A
884950,A
885128,A
885233,A
885277,A
885278,A
885330,A
885351,A
885352,A
885356,A
885357,A
885832,A
885939,A
885941,A
886034,A
886109,A
886143,A
886403,A
886635,A
886832,A
886833,A
886835,A
886843,A
886947,A
887016,A
887084,A
887247,A
887248,A
887254,A
887256,A
887675,A
887757,A
887821,A
887895,A
888050,A
888179,A
888184,A
888416,A
889273,A
889409,A
889680,A
889815,A
889816,A
889817,A
889847,A
889878,A
890063,A
890156,A
890170,A
890333,A
890336,A
890337,A
890343,A
890345,A
890347,A
890592,A
890600,A
890782,A
890852,A
890863,A
890864,A
890866,A
890867,A
890869,A
890953,A
891052,A
891054,A
891132,A
891197,A
891206,A
891241,A
891300,A
892094,A
892119,A
892245,A
892542,A
892676,A
892677,A
892887,A
893014,A
893070,A
893280,A
893321,A
893345,A
893346,A
893357,A
893359,A
893383,A
893397,A
893399,A
893400,A
893402,A
893403,A
893406,A
893415,A
893416,A
893421,A
893426,A
893431,A
893433,A
893434,A
893468,A
893673,A
893860,A
893912,A
893930,A
894082,A
894085,A
894104,A
894150,A
894493,A
894827,A
894974,A
894975,A
894976,A
895014,A
895030,A
895103,A
895540,A
895542,A
895547,A
895550,A
895551,A
895559,A
895672,A
895717,A
895718,A
895740,A
900001,A
930001,A
930007,A
930008,A
930010,A
930014,A
930019,A
930021,A
930024,A
930025,A
930026,A
930027,A
930031,A
930032,A
930033,A
930034,A
930035,A
930036,A
930043,A
930044,A
930050,A
930051,A
930052,A
930053,A
930054,A
930055,A
930056,A
930057,A
930059,A
930062,A
960001,A
960002,A
960003,A
960004,A
960006,A
960007,A
960012,A
960015,A
960016,A
960017,A
960018,A
960019,A
960020,A
960032,A
960037,A
960038,A
960039,A
960041,A
960045,A
960046,A
960050,A
960051,A
960065,A
960066,A
960067,A
960069,A
960070,A
960072,A
960073,A
960075,A
960076,A
960077,A
960078,A
960081,A
960082,A
960084,A
960085,A
960086,A
960087,A
960091,A
960092,A
960093,A
960094,A
960096,A
960097,A
960098,A
960099,A
960100,A
960101,A
960102,A
960104,A
960105,A
960106,A
960107,A
960108,A
960109,A
1020001,A
1020005,A
1020007,A
1020010,A
1200001,A
1230009,A
1290001,A
1380008,A
1380011,A
1380013,A
1380014,A
1380015,A
1620121,A
1650081,A
2040001,A
2040002,A
2100006,A
2100008,A
2100014,A
2100015,A
2100017,A
2100029,A
2100030,A
2100031,A
2100032,A
2100033,A
2100034,A
2100036,A
2100037,A
2100038,A
2100039,A
2100040,A
2100041,A
2100042,A
2100043,A
2100044,A
2100045,A
2100046,A
2100047,A
2100048,A
2100049,A
2100050,A
2100051,A
2100052,A
2100053,A
2100054,A
2100055,A
2100056,A
2100057,A
2100083,A
2100084,A
2160001,A
2160002,A
2160003,A
2160004,A
2160005,A
2160008,A
2160010,A
2160011,A
2160012,A
2160013,A
2160014,A
2160016,A
2220029,A
2220030,A
2220033,A
2220034,A
2220035,A
2220036,A
2250001,A
2250030,A
2250032,A
2250033,A
2250034,A
2250035,A
2250041,A
2250042,A
2250043,A
2310001,A
2310002,A
2310005,A
2340013,A
2340021,A
2340024,A
2340025,A
2340037,A
2340038,A
2340039,A
2340040,A
2340041,A
2340047,A
2340049,A
2340050,A
2340052,A
2340058,A
2340059,A
2370002,A
2370003,A
2370004,A
2370005,A
2370006,A
2370007,A
2370008,A
2370009,A
2370010,A
2370011,A
2370012,A
2370013,A
2370014,A
2370035,A
2400001,A
2400028,A
2400037,A
2400060,A
2400061,A
2430001,A
2430002,A
2430004,A
2430005,A
2430006,A
2430007,A
2430008,A
2430009,A
2430028,A
2430029,A
2430030,A
2430031,A
2430032,A
2490001,A
2490002,A
2490003,A
2490004,A
2490005,A
2490007,A
2610001,A
2610006,A
2610007,A
2610008,A
2610009,A
2610010,A
2610011,A
2610012,A
2610013,A
2610014,A
2610015,A
2610016,A
2610042,A
2610043,A
2610044,A
2610045,A
2610046,A
2610048,A
2610050,A
2610051,A
2670002,A
2670003,A
2670045,A
2670046,A
2670047,A
2670048,A
2670051,A
2670052,A
2670053,A
2730001,A
2730002,A
2730003,A
2730004,A
2730005,A
2730016,A
2760001,A
2760002,A
2760003,A
2760004,A
2760005,A
2760006,A
2760007,A
2760008,A
2760009,A
2760031,A
2760032,A
2760033,A
2760036,A
2760037,A
2760038,A
2760039,A
2760040,A
2760041,A
2760042,A
2760043,A
2760044,A
2760050,A
2760054,A
2760055,A
2760056,A
2760057,A
2760058,A
2760059,A
2760060,A
2760061,A
2760062,A
2760063,A
2760064,A
2760065,A
2760066,A
2790003,A
2790004,A
2850001,A
2850002,A
2850003,A
2850004,A
2850005,A
2850007,A
2850008,A
2850009,A
2850028,A
2850032,A
2850033,A
2850034,A
2850035,A
2850036,A
2850037,A
2850038,A
2850039,A
2850040,A
2850042,A
2850049,A
2850050,A
2850051,A
2850052,A
2850053,A
2850054,A
2850055,A
2850056,A
2850057,A
2880001,A
2880002,A
2880047,A
2880048,A
2880049,A
2880050,A
2940027,A
2940034,A
2970001,A
2970002,A
2970003,A
2970004,A
2970005,A
2970006,A
2970007,A
2970008,A
2970009,A
3000002,A
3060001,A
3090001,A
3090002,A
3090003,A
3090004,A
3090005,A
3090006,A
3090013,A
3090014,A
3090016,A
3120003,A
3120005,A
3120006,A
3120007,A
3120008,A
3120009,A
3120010,A
3120011,A
3120012,A
3120013,A
3120014,A
3120015,A
3120016,A
3120042,A
3120043,A
3120073,A
3120075,A
3120076,A
3120077,A
3120078,A
3150001,A
3180001,A
3180002,A
3180003,A
3180004,A
3180009,A
3180013,A
3180015,A
3180016,A
3180017,A
3180018,A
3180019,A
3210001,A
3210002,A
3210003,A
3210004,A
3210005,A
3210006,A
3210007,A
3210008,A
3210032,A
3210033,A
3210034,A
3210035,A
3210036,A
3210037,A
3210038,A
3210042,A
3210043,A
3210044,A
3210045,A
3240001,A
3240002,A
3270011,A
3570028,A
4020006,A
4020008,A
4050003,A
4050008,A
4050009,A
4050010,A
4050011,A
4050012,A
4050013,A
4050015,A
4290007,A
4290008,A
4530001,A
4530002,A
4530003,A
4590002,A
4590003,A
4620002,A
4710001,A
4710002,A
4830003,A
4830004,A
4830005,A
4980013,A
4980014,A
4980015,A
4980016,A
4980018,A
4980045,A
4980046,A
5040001,A
5040002,A
5040003,A
5040004,A
5220001,A
5220002,A
5220017,A
5220049,A
5220062,A
5220067,A
5490001,A
5490024,A
5490025,A
5490026,A
5490033,A
5490034,A
5490035,A
5490037,A
5520002,A
5520006,A
5520011,A
5520017,A
5520018,A
5520032,A
5700007,A
5700008,A
5700009,A
5700010,A
5700011,A
5700012,A
5700013,A
5700014,A
5700015,A
5700016,A
5700017,A
5700018,A
5700019,A
5790001,A
5790002,A
5790003,A
5790004,A
5790005,A
5790007,A
5790009,A
5790010,A
5910006,A
6060001,A
6060002,A
6060003,A
6180001,A
6180002,A
6180003,A
6180004,A
6180005,A
6360003,A
6360004,A
6360005,A
6420001,A
6420002,A
6420003,A
6420004,A
6420005,A
6420006,A
6420008,A
6420009,A
6420010,A
6480001,A
6480002,A
6480003,A
6720003,A
6720004,A
6720005,A
6720006,A
6720007,A
6720008,A
6720009,A
6720010,A
6720011,A
6720012,A
6840023,A
6840024,A
6840025,A
6840026,A
6840027,A
6900011,A
6900012,A
6900039,A
6960004,A
7050001,A
7050003,A
7050004,A
7050005,A
7050006,A
7050007,A
7050008,A
7050009,A
7050010,A
7050011,A
7140001,A
1920001,B
1920002,B
1920003,B
1920004,B
1920005,B
1920006,B
1950001,B
1950002,B
2100018,B
2100019,B
2100020,B
2100021,B
2100023,B
2100024,B
2100025,B
2130001,B
2130002,B
2190001,B
2190002,B
2190003,B
2190004,B
2190005,B
2190006,B
2190008,B
2190009,B
2190010,B
2190011,B
2190012,B
2190013,B
2190014,B
2250003,B
2250004,B
2250005,B
2250006,B
2250007,B
2250008,B
2250009,B
2250010,B
2250011,B
2250012,B
2310007,B
2310008,B
2310009,B
2310010,B
2310011,B
2310012,B
2310014,B
2310015,B
2310016,B
2310017,B
2310018,B
2310019,B
2310020,B
2310021,B
2310022,B
2310023,B
2310024,B
2310025,B
2310026,B
2310027,B
2310028,B
2310029,B
2310030,B
2340001,B
2340002,B
2340003,B
2340004,B
2340005,B
2340006,B
2340007,B
2340008,B
2370015,B
2370016,B
2370017,B
2370018,B
2370019,B
2370020,B
2370021,B
2370022,B
2370023,B
2370024,B
2370025,B
2400005,B
2400006,B
2400007,B
2400008,B
2400009,B
2400010,B
2400011,B
2400012,B
2400013,B
2400014,B
2400015,B
2400016,B
2400017,B
2400018,B
2400019,B
2400020,B
2430010,B
2430011,B
2430012,B
2430013,B
2430014,B
2430015,B
2430016,B
2430017,B
2430018,B
2430019,B
2430020,B
2430021,B
2430022,B
2430023,B
2430024,B
2430025,B
2430026,B
2430027,B
2490008,B
2490009,B
2490010,B
2490011,B
2490012,B
2490013,B
2490014,B
2490015,B
2490016,B
2490017,B
2490018,B
2490019,B
2490020,B
2490021,B
2490022,B
2490023,B
2490024,B
2490025,B
2490026,B
2490027,B
2490028,B
2490029,B
2490030,B
2490031,B
2550001,B
2550002,B
2550003,B
2550004,B
2580001,B
2610017,B
2610018,B
2610019,B
2610020,B
2610021,B
2610022,B
2610023,B
2610024,B
2610025,B
2610026,B
2610027,B
2610028,B
2640004,B
2640005,B
2640006,B
2640007,B
2640008,B
2640009,B
2640010,B
2640011,B
2640012,B
2640013,B
2640014,B
2640015,B
2640016,B
2640017,B
2640018,B
2640019,B
2670004,B
2670005,B
2670006,B
2670007,B
2670008,B
2670009,B
2670010,B
2670011,B
2670012,B
2670013,B
2670014,B
2670015,B
2670016,B
2670017,B
2670018,B
2670019,B
2670020,B
2670021,B
2670022,B
2670023,B
2670024,B
2670025,B
2670026,B
2670027,B
2670028,B
2670029,B
2670030,B
2670031,B
2670032,B
2670033,B
2670034,B
2670035,B
2670036,B
2670037,B
2670041,B
2730006,B
2730007,B
2730008,B
2730009,B
2730010,B
2760010,B
2760011,B
2760012,B
2760013,B
2760014,B
2760015,B
2760016,B
2760017,B
2760018,B
2760019,B
2760020,B
2760021,B
2760022,B
2760023,B
2760024,B
2760025,B
2760026,B
2760027,B
2760028,B
2760029,B
2790005,B
2790006,B
2790007,B
2790008,B
2790009,B
2790010,B
2850010,B
2850011,B
2850012,B
2850013,B
2850014,B
2850015,B
2850016,B
2880016,B
2880017,B
2880018,B
2880019,B
2880020,B
2880021,B
2880022,B
2880023,B
2880024,B
2880025,B
2880026,B
2910003,B
2910004,B
2910005,B
2910006,B
2910007,B
2910008,B
2910009,B
2910010,B
2910011,B
2910012,B
2910013,B
2910014,B
2910015,B
2910016,B
2910017,B
2910018,B
2910019,B
2940001,B
2940002,B
2940003,B
2940004,B
2940005,B
2940006,B
2940007,B
2940008,B
2940009,B
2940010,B
2940011,B
3000004,B
3000005,B
3000006,B
3000007,B
3000008,B
3000009,B
3000010,B
3000011,B
3000012,B
3000013,B
3000014,B
3000015,B
3000016,B
3000017,B
3000018,B
3000019,B
3000020,B
3000021,B
3000022,B
3000023,B
3000024,B
3000025,B
3000026,B
3000027,B
3000028,B
3000029,B
3000030,B
3000031,B
3000032,B
3000033,B
3000034,B
3000035,B
3000036,B
3000037,B
3030001,B
3030002,B
3090007,B
3090008,B
3090009,B
3090010,B
3090011,B
3090012,B
3120017,B
3120018,B
3120019,B
3120020,B
3120021,B
3180020,B
3180021,B
3180022,B
3180023,B
3180024,B
3180025,B
3210009,B
3210010,B
3210011,B
3210012,B
3210013,B
3210014,B
3210015,B
3210016,B
3210017,B
3960001,B
3960002,B
3990001,B
4020001,B
4020002,B
4020003,B
4020004,B
4110001,B
4140001,B
4140002,B
4170001,B
4200001,B
4350001,B
4380001,B
4410001,B
4410002,B
4440001,B
4440002,B
4440003,B
4440004,B
4470001,B
4470002,B
4500001,B
4500002,B
4500003,B
4500004,B
4560001,B
4560002,B
4560003,B
4560004,B
4560005,B
4650001,B
4650002,B
4650003,B
4650004,B
4650005,B
4650006,B
4650007,B
4650008,B
4740001,B
4740002,B
4740003,B
4740004,B
4740005,B
4770001,B
4770002,B
4770003,B
4770004,B
4770005,B
4770006,B
4800001,B
4800002,B
4800003,B
4860001,B
4890001,B
4920001,B
4920002,B
4920003,B
4920004,B
4920005,B
4920006,B
4920007,B
4950001,B
4950002,B
4980001,B
4980002,B
4980003,B
5070001,B
5100001,B
5100002,B
5100003,B
5100004,B
5100005,B
5100006,B
5100007,B
5100008,B
5130001,B
5130002,B
5130003,B
5130004,B
5160001,B
5160002,B
5160003,B
5190001,B
5190002,B
5190003,B
5190004,B
5250001,B
5250002,B
5250003,B
5250004,B
5280001,B
5280002,B
5280003,B
5280004,B
5310001,B
5310002,B
5310003,B
5340001,B
5340002,B
5370001,B
5370002,B
5370003,B
5370004,B
5370005,B
5400001,B
5400002,B
5400003,B
5430001,B
5430002,B
5430003,B
5430004,B
5430005,B
5460001,B
5460002,B
5460003,B
5460004,B
5460005,B
5460006,B
5460007,B
5460008,B
5550001,B
5580001,B
5610001,B
5610002,B
5610003,B
5610004,B
5610005,B
5640001,B
5640002,B
5640003,B
5640004,B
5670001,B
5670002,B
5670003,B
5670004,B
5670005,B
5700001,B
5700002,B
5700003,B
5700004,B
5700005,B
5700006,B
5700020,B
5700021,B
5700022,B
5700023,B
5700024,B
5700025,B
5700026,B
5700027,B
5700028,B
5700029,B
5700030,B
5700031,B
5700032,B
5700033,B
5700034,B
5700035,B
5700036,B
5700037,B
5730001,B
5730002,B
5820001,B
5850001,B
5850002,B
5850003,B
5880001,B
5880002,B
5880003,B
5880004,B
5880005,B
5880006,B
5880007,B
5880008,B
5880009,B
6090001,B
6090002,B
6090003,B
6120001,B
6150001,B
6150002,B
6150003,B
6210001,B
6240001,B
6240002,B
6270001,B
6300001,B
6300002,B
6420011,B
6450001,B
6450002,B
6450003,B
6450004,B
6450005,B
6450006,B
6660018,B
6660021,B
6660022,B
6660023,B
6660024,B
6660025,B
6660026,B
6660028,B
6660029,B
6660030,B
6660031,B
6660032,B
6660034,B
6660035,B
6660036,B
6660037,B
6660038,B
6660039,B
6660040,B
6660041,B
6660042,B
6660043,B
6660056,B
6750001,B
6750002,B
6780001,B
6780002,B
6810001,B
6810002,B
6810003,B
6810004,B
6810005,B
6810006,B
6810007,B
6840001,B
6840002,B
6840003,B
6840004,B
6840005,B
6990001,B
6990002,B
6990003,B
6990004,B
6990005,B
7170001,B
7200001,B
7200002,B
7200003,B
7200004,B
570045,C
630001,C
630119,C
871762,C
871763,C
872622,C
874278,C
874279,C
874280,C
874281,C
874282,C
874283,C
874284,C
874285,C
878466,C
880081,C
881629,C
882202,C
882204,C
882223,C
883789,C
883792,C
884974,C
884975,C
886002,C
886003,C
890078,C
890080,C
895735,C
895737,C
930004,C
960005,C
960083,C
960103,C
1020002,C
1230010,C
1530040,C
2100022,C
2100035,C
2220032,C
2250031,C
2310003,C
2310004,C
2310006,C
2310013,C
2340023,C
2340036,C
2340048,C
2340051,C
2370034,C
2400002,C
2400003,C
2400004,C
2490006,C
2760049,C
2850031,C
2940018,C
3000001,C
3000003,C
3120001,C
3120002,C
3120004,C
3570006,C
4620001,C
4620003,C
4830001,C
5220003,C
5220059,C
5490038,C
5790006,C
5790008,C
6420007,C
6840028,C
750004,D
870351,D
870352,D
870353,D
870359,D
870360,D
870361,D
872290,D
872426,D
872432,D
872947,D
873023,D
873520,D
873912,D
873927,D
873931,D
873934,D
873935,D
873952,D
874002,D
874005,D
874077,D
874102,D
874715,D
875180,D
875200,D
875735,D
875736,D
875737,D
875775,D
876212,D
876611,D
876612,D
877880,D
877884,D
877891,D
877906,D
877923,D
877924,D
878330,D
878331,D
879202,D
879222,D
879320,D
879324,D
879336,D
881233,D
881234,D
883347,D
887717,D
888247,D
888249,D
888250,D
888556,D
888671,D
890000,D
890001,D
890004,D
890005,D
890006,D
890008,D
890009,D
890010,D
890086,D
890087,D
892475,D
892476,D
1530044,D
2100085,D
2100087,D
2340053,D
2340055,D
630124,E
930017,E
930018,E
1020006,E
1380001,E
1620057,E
1620061,E
1620112,E
1620243,E
1650108,E
1650268,E
2100001,E
2100080,E
2250024,E
2490058,E
2790001,E
2790002,E
2850006,E
4680009,E
4830002,E
4980025,E
6300005,E
6660001,E
6660002,E
6660003,E
6660005,E
6660007,E
6660011,E
6720001,E
6720002,E
6900003,E
6960002,E
6960003,E
7020014,E
7050002,E
7320033,E
7320034,E
7350027,E
7380029,E
870002,F
870357,F
870358,F
870561,F
870562,F
870563,F
870564,F
870750,F
871212,F
871751,F
871756,F
871761,F
872361,F
872362,F
872718,F
872813,F
872814,F
872817,F
872818,F
872822,F
872825,F
872971,F
873186,F
873193,F
873211,F
873212,F
873213,F
873214,F
873215,F
873216,F
873217,F
873218,F
873220,F
873221,F
873222,F
873223,F
873224,F
873225,F
873226,F
873227,F
873228,F
873230,F
873232,F
873233,F
873234,F
873235,F
873236,F
873237,F
873238,F
873239,F
873240,F
873246,F
873247,F
873248,F
873250,F
873251,F
873252,F
873255,F
873256,F
873257,F
873258,F
873260,F
873265,F
873266,F
873267,F
873287,F
873288,F
873290,F
873291,F
873292,F
873295,F
873296,F
873297,F
873298,F
873299,F
873300,F
873302,F
873305,F
873306,F
873307,F
873310,F
873311,F
873312,F
873313,F
873315,F
873316,F
873318,F
873319,F
873320,F
873321,F
873322,F
873323,F
873325,F
873326,F
873328,F
873336,F
873356,F
873358,F
873359,F
873360,F
873367,F
873369,F
873370,F
873371,F
873372,F
873373,F
873376,F
873377,F
873383,F
873391,F
873393,F
873395,F
873396,F
873399,F
873916,F
873917,F
873918,F
873996,F
874270,F
874271,F
874275,F
874340,F
874341,F
874544,F
874547,F
874548,F
874549,F
874550,F
874551,F
874552,F
874553,F
874554,F
874555,F
874556,F
874557,F
874558,F
874559,F
874561,F
874563,F
874564,F
874565,F
874566,F
874570,F
874579,F
874662,F
874663,F
874978,F
874980,F
875137,F
875461,F
875462,F
875464,F
875465,F
875469,F
875470,F
875471,F
875472,F
875931,F
875932,F
876148,F
876150,F
876720,F
876722,F
876756,F
876761,F
876763,F
876793,F
877219,F
877339,F
877340,F
877886,F
878288,F
878289,F
878297,F
878966,F
878967,F
878970,F
879163,F
879164,F
879165,F
879166,F
879167,F
879168,F
879298,F
879299,F
879301,F
879302,F
880586,F
880587,F
881657,F
882197,F
882198,F
882199,F
882200,F
882201,F
882203,F
882205,F
882206,F
882207,F
882208,F
882210,F
882211,F
882213,F
882216,F
882219,F
882220,F
882221,F
882222,F
882474,F
882476,F
882481,F
882489,F
882499,F
882500,F
882762,F
882763,F
882764,F
883285,F
883287,F
883459,F
883460,F
883475,F
883558,F
883746,F
883747,F
883748,F
883778,F
883780,F
883782,F
883783,F
883786,F
883787,F
883788,F
883794,F
883796,F
883931,F
883933,F
883935,F
884719,F
884814,F
884863,F
885067,F
885068,F
885237,F
885346,F
885347,F
885348,F
885349,F
885354,F
886215,F
886218,F
886997,F
887153,F
887162,F
887198,F
887201,F
888144,F
888145,F
888248,F
888253,F
888569,F
889271,F
889272,F
890015,F
890059,F
890060,F
890061,F
890085,F
890088,F
890331,F
890334,F
890338,F
890340,F
890341,F
890342,F
890597,F
890598,F
890601,F
890783,F
890784,F
890865,F
890868,F
891518,F
891527,F
891747,F
891979,F
892120,F
892121,F
892458,F
892460,F
892540,F
893266,F
893267,F
893355,F
893356,F
893393,F
893394,F
893395,F
893404,F
893405,F
893410,F
893411,F
893412,F
893425,F
893427,F
893430,F
893435,F
893436,F
893437,F
893439,F
893440,F
893441,F
893442,F
893443,F
893444,F
893445,F
893446,F
893447,F
893471,F
894161,F
894162,F
894163,F
894669,F
894670,F
894971,F
894972,F
894973,F
895541,F
895544,F
895545,F
895546,F
895548,F
895549,F
895553,F
895554,F
895736,F
895741,F
895742,F
895763,F
895764,F
895765,F
895766,F
